{"cameraMode":{"drawMode":0,"name":"Shaded","section":"Shading Mode"},"sceneLighting":false,"audioPlay":false,"sceneViewState":{"m_AlwaysRefresh":false,"showFog":true,"showSkybox":false,"showFlares":true,"showImageEffects":true,"showParticleSystems":true,"showVisualEffectGraphs":true,"m_FxEnabled":true},"in2DMode":false,"pivot":{"x":-49.96780014038086,"y":4.621471405029297,"z":14.807559967041016},"rotation":{"x":0.041178494691848758,"y":-0.5953630805015564,"z":0.030572092160582544,"w":0.8018247485160828},"size":39.446475982666019,"orthographic":false}